circinatum;garryana;glabrum;kelloggii;macrophyllum;negundo
0.6923076923076923;1.0;0.6666666666666666;0.8421052631578947;0.75;0.875
