circinatum;garryana;glabrum;kelloggii;macrophyllum;negundo
0.7692307692307693;0.9411764705882353;0.6;1.0;0.8125;0.75
