circinatum;garryana;glabrum;kelloggii;macrophyllum;negundo
0.07692307692307693;0.058823529411764705;0.13333333333333333;0.2631578947368421;0.25;0.375
